Label,# Samples,Average,Min,Max,Std. Dev.,Error %,Throughput,Received KB/sec,Sent KB/sec,Avg. Bytes
signPDFService,120,3020,232,6093,1606.54,0.000%,15.89193,65147.29,64249.45,4197778.8
TOTAL,120,3020,232,6093,1606.54,0.000%,15.89193,65147.29,64249.45,4197778.8
